{"cameraMode":{"drawMode":0,"name":"Shaded","section":"Shading Mode"},"sceneLighting":false,"audioPlay":false,"sceneViewState":{"m_AlwaysRefresh":false,"showFog":true,"showSkybox":false,"showFlares":true,"showImageEffects":true,"showParticleSystems":true,"showVisualEffectGraphs":true,"m_FxEnabled":true},"in2DMode":false,"pivot":{"x":0.0006246566772460938,"y":-0.030007898807525636,"z":0.001903533935546875},"rotation":{"x":-0.4690335988998413,"y":0.4807296097278595,"z":-0.34350457787513735,"w":-0.6564605832099915},"size":10.017992973327637,"orthographic":true}